Designator,Footprint,Mid X,Mid Y,Ref X,Ref Y,Pad X,Pad Y,Layer,Rotation,Comment
C1,CHIP_0402,40.7868mm,66.4819mm,40.7868mm,66.4819mm,40.7868mm,66.9919mm,T,270,100nF
C2,CHIP_0402,59.7126mm,66.4819mm,59.7126mm,66.4819mm,59.7126mm,66.9919mm,T,270,100nF
C3,CHIP_0402,40.7868mm,9.3328mm,40.7868mm,9.3328mm,40.7868mm,9.8428mm,T,270,100nF
C4,CHIP_0402,59.7126mm,9.3328mm,59.7126mm,9.3328mm,59.7126mm,9.8428mm,T,270,100nF
C5,CHIP_0402,78.6384mm,9.3328mm,78.6384mm,9.3328mm,78.6384mm,9.8428mm,T,270,100nF
C6,CHIP_0402,21.861mm,47.5559mm,21.861mm,47.5559mm,21.861mm,48.0659mm,T,270,100nF
C7,CHIP_0402,40.7868mm,47.5559mm,40.7868mm,47.5559mm,40.7868mm,48.0659mm,T,270,100nF
C8,CHIP_0402,59.7126mm,47.5559mm,59.7126mm,47.5559mm,59.7126mm,48.0659mm,T,270,100nF
C9,CHIP_0402,78.6384mm,47.5559mm,78.6384mm,47.5559mm,78.6384mm,48.0659mm,T,270,100nF
C10,CHIP_0402,21.861mm,28.6299mm,21.861mm,28.6299mm,21.861mm,29.1399mm,T,270,100nF
C11,CHIP_0402,40.7868mm,28.6299mm,40.7868mm,28.6299mm,40.7868mm,29.1399mm,T,270,100nF
C12,CHIP_0402,59.7126mm,28.6299mm,59.7126mm,28.6299mm,59.7126mm,29.1399mm,T,270,100nF
C13,CHIP_0402,78.6384mm,28.6299mm,78.6384mm,28.6299mm,78.6384mm,29.1399mm,T,270,100nF
C14,CHIP_0402,47.1843mm,89.0299mm,47.1843mm,89.0299mm,47.6943mm,89.0299mm,T,180,100nF
C15,CHIP_0402,7.1062mm,23.7167mm,7.1062mm,23.7167mm,7.6162mm,23.7167mm,T,180,100nF
C16,CHIP_0402,7.1062mm,22.2323mm,7.1062mm,22.2323mm,7.6162mm,22.2323mm,T,180,100nF
C17,CHIP_0402,8.2194mm,19.6346mm,8.2194mm,19.6346mm,7.7094mm,19.6346mm,T,0,100nF
C18,CHIP_0402,35.3093mm,93.4831mm,35.3093mm,93.4831mm,34.7993mm,93.4831mm,T,0,100nF
C19,CHIP_0402,93.4821mm,59.431mm,93.4821mm,59.431mm,93.4821mm,59.941mm,T,270,100nF
C20,CHIP_0402,59.8015mm,1.4509mm,59.8015mm,1.4509mm,60.3115mm,1.4509mm,T,180,100nF
C21,CHIP_0402,1.4509mm,35.3097mm,1.4509mm,35.3097mm,1.4509mm,34.7997mm,T,90,100nF
C26,CHIP_0603,21.7088mm,26.1543mm,21.7088mm,26.1543mm,22.5338mm,26.1543mm,T,180,4.7uF
C27,CHIP_0402,6.2751mm,18.9814mm,6.2751mm,18.9814mm,6.2751mm,19.4914mm,T,270,1uF
C28,CHIP_0402,11.35mm,13.75mm,11.35mm,13.75mm,10.84mm,13.75mm,B,0,15pF
C29,CHIP_0402,4.75mm,16.05mm,4.75mm,16.05mm,4.24mm,16.05mm,B,0,15pF
D1,FP_D_SOD_123,43.025mm,67.375mm,43.025mm,67.375mm,43.025mm,65.725mm,B,90,Diode_1N4148
D2,FP_D_SOD_123,62.075mm,67.375mm,62.075mm,67.375mm,62.075mm,65.725mm,B,90,Diode_1N4148
D3,FP_D_SOD_123,43.025mm,11.725mm,43.025mm,11.725mm,43.025mm,10.075mm,B,90,Diode_1N4148
D4,FP_D_SOD_123,62.075mm,11.725mm,62.075mm,11.725mm,62.075mm,10.075mm,B,90,Diode_1N4148
D5,FP_D_SOD_123,81.125mm,11.725mm,81.125mm,11.725mm,81.125mm,10.075mm,B,90,Diode_1N4148
D6,FP_D_SOD_123,23.975mm,48.325mm,23.975mm,48.325mm,23.975mm,46.675mm,B,90,Diode_1N4148
D7,FP_D_SOD_123,43.025mm,48.325mm,43.025mm,48.325mm,43.025mm,46.675mm,B,90,Diode_1N4148
D8,FP_D_SOD_123,62.075mm,48.325mm,62.075mm,48.325mm,62.075mm,46.675mm,B,90,Diode_1N4148
D9,FP_D_SOD_123,81.125mm,48.325mm,81.125mm,48.325mm,81.125mm,46.675mm,B,90,Diode_1N4148
D10,FP_D_SOD_123,23.975mm,29.275mm,23.975mm,29.275mm,23.975mm,27.625mm,B,90,Diode_1N4148
D11,FP_D_SOD_123,43.025mm,29.275mm,43.025mm,29.275mm,43.025mm,27.625mm,B,90,Diode_1N4148
D12,FP_D_SOD_123,62.075mm,29.275mm,62.075mm,29.275mm,62.075mm,27.625mm,B,90,Diode_1N4148
D13,FP_D_SOD_123,81.125mm,29.275mm,81.125mm,29.275mm,81.125mm,27.625mm,B,90,Diode_1N4148
H1,FP_MountingHole_M2,5.05mm,90.05mm,5.05mm,90.05mm,5.05mm,90.05mm,T,0,MountingHole
H2,FP_MountingHole_M2,90.05mm,90.05mm,90.05mm,90.05mm,90.05mm,90.05mm,T,0,MountingHole
H3,FP_MountingHole_M2,90.05mm,5.05mm,90.05mm,5.05mm,90.05mm,5.05mm,T,0,MountingHole
H4,FP_MountingHole_M2,5.05mm,5.05mm,5.05mm,5.05mm,5.05mm,5.05mm,T,0,MountingHole
J1,FP_Joystick_RKJXV,74.2543mm,77.54mm,76.125mm,77.125mm,67.395mm,79.625mm,T,180,ThumbPointer
J2,FP_Socket_2x3_254_SMD,47.55mm,4.55mm,47.55mm,4.55mm,45.01mm,2.03mm,B,0,Debug_2x3
J3,FP_USB_C_Receptacle_HRO_TYPE_C_31_M_12,47.55mm,89.746mm,47.55mm,93.19mm,44.35mm,89.145mm,B,0,USB_C_Receptacle_2_0
LED1,FP_LED_SK6812MINI_E,31.717mm,91.05mm,31.717mm,91.05mm,34.442mm,91.8mm,T,180,SK6812
LED2,FP_LED_SK6812MINI_E,63.383mm,91.05mm,63.383mm,91.05mm,66.108mm,91.8mm,T,180,SK6812
LED3,FP_LED_SK6812MINI_E,91.05mm,63.383mm,91.05mm,63.383mm,91.8mm,60.658mm,T,90,SK6812
LED4,FP_LED_SK6812MINI_E,91.05mm,31.717mm,91.05mm,31.717mm,91.8mm,28.992mm,T,90,SK6812
LED5,FP_LED_SK6812MINI_E,63.383mm,4.05mm,63.383mm,4.05mm,60.658mm,3.3mm,T,0,SK6812
LED6,FP_LED_SK6812MINI_E,31.717mm,4.05mm,31.717mm,4.05mm,28.992mm,3.3mm,T,0,SK6812
LED7,FP_LED_SK6812MINI_E,4.05mm,31.717mm,4.05mm,31.717mm,3.3mm,34.442mm,T,270,SK6812
LED8,FP_LED_SK6812MINI_E,4.05mm,63.383mm,4.05mm,63.383mm,3.3mm,66.108mm,T,270,SK6812
LED17,FP_LED_SK6812MINI_E,38.02mm,71.19mm,38.02mm,71.19mm,40.745mm,70.44mm,B,180,SK6812
LED18,FP_LED_SK6812MINI_E,57.08mm,71.19mm,57.08mm,71.19mm,59.805mm,70.44mm,B,180,SK6812
LED19,FP_LED_SK6812MINI_E,38.02mm,14.05mm,38.02mm,14.05mm,40.745mm,13.3mm,B,180,SK6812
LED20,FP_LED_SK6812MINI_E,57.08mm,14.05mm,57.08mm,14.05mm,59.805mm,13.3mm,B,180,SK6812
LED21,FP_LED_SK6812MINI_E,76.12mm,14.05mm,76.12mm,14.05mm,78.845mm,13.3mm,B,180,SK6812
LED22,FP_LED_SK6812MINI_E,18.98mm,52.15mm,18.98mm,52.15mm,21.705mm,51.4mm,B,180,SK6812
LED23,FP_LED_SK6812MINI_E,38.02mm,52.15mm,38.02mm,52.15mm,40.745mm,51.4mm,B,180,SK6812
LED24,FP_LED_SK6812MINI_E,57.08mm,52.15mm,57.08mm,52.15mm,59.805mm,51.4mm,B,180,SK6812
LED25,FP_LED_SK6812MINI_E,76.12mm,52.15mm,76.12mm,52.15mm,78.845mm,51.4mm,B,180,SK6812
LED26,FP_LED_SK6812MINI_E,18.98mm,33.09mm,18.98mm,33.09mm,21.705mm,32.34mm,B,180,SK6812
LED27,FP_LED_SK6812MINI_E,38.02mm,33.09mm,38.02mm,33.09mm,40.745mm,32.34mm,B,180,SK6812
LED28,FP_LED_SK6812MINI_E,57.08mm,33.09mm,57.08mm,33.09mm,59.805mm,32.34mm,B,180,SK6812
LED29,FP_LED_SK6812MINI_E,76.12mm,33.09mm,76.12mm,33.09mm,78.845mm,32.34mm,B,180,SK6812
R1,CHIP_0402,9.7038mm,22.2323mm,9.7038mm,22.2323mm,9.1938mm,22.2323mm,T,0,10kohm
R2,CHIP_0402,47.1843mm,90.5143mm,47.1843mm,90.5143mm,46.6743mm,90.5143mm,T,0,5.1kohm
R3,CHIP_0402,47.5554mm,87.5455mm,47.5554mm,87.5455mm,47.0454mm,87.5455mm,T,0,5.1kohm
SW1,FP_Encoder_EC11,18.2607mm,76.125mm,11.975mm,78.625mm,11.975mm,78.625mm,T,0,RotaryEC11
SW3,FP_SW_Choc_V2,38.025mm,77.6417mm,38.025mm,76.125mm,38.025mm,82.025mm,T,0,KeySwitch
SW4,FP_SW_Choc_V2,57.075mm,77.6417mm,57.075mm,76.125mm,57.075mm,82.025mm,T,0,KeySwitch
SW5,FP_SW_Choc_V2,38.025mm,20.4917mm,38.025mm,18.975mm,38.025mm,24.875mm,T,0,KeySwitch
SW6,FP_SW_Choc_V2,57.075mm,20.4917mm,57.075mm,18.975mm,57.075mm,24.875mm,T,0,KeySwitch
SW7,FP_SW_Choc_V2,76.125mm,20.4917mm,76.125mm,18.975mm,76.125mm,24.875mm,T,0,KeySwitch
SW8,FP_SW_Choc_V2,18.975mm,58.5917mm,18.975mm,57.075mm,18.975mm,62.975mm,T,0,KeySwitch
SW9,FP_SW_Choc_V2,38.025mm,58.5917mm,38.025mm,57.075mm,38.025mm,62.975mm,T,0,KeySwitch
SW10,FP_SW_Choc_V2,57.075mm,58.5917mm,57.075mm,57.075mm,57.075mm,62.975mm,T,0,KeySwitch
SW11,FP_SW_Choc_V2,76.125mm,58.5917mm,76.125mm,57.075mm,76.125mm,62.975mm,T,0,KeySwitch
SW12,FP_SW_Choc_V2,18.975mm,39.5417mm,18.975mm,38.025mm,18.975mm,43.925mm,T,0,KeySwitch
SW13,FP_SW_Choc_V2,38.025mm,39.5417mm,38.025mm,38.025mm,38.025mm,43.925mm,T,0,KeySwitch
SW14,FP_SW_Choc_V2,57.075mm,39.5417mm,57.075mm,38.025mm,57.075mm,43.925mm,T,0,KeySwitch
SW15,FP_SW_Choc_V2,76.125mm,39.5417mm,76.125mm,38.025mm,76.125mm,43.925mm,T,0,KeySwitch
TP1,FP_TouchPad,18.975mm,18.975mm,18.975mm,18.975mm,18.975mm,18.975mm,T,0,CapTouchPad
U1,FP_SOT_23_6,47.55mm,84.75mm,47.55mm,84.75mm,46.6mm,85.8875mm,B,270,USBLC6
U2,SOT5P95X290X160N,25.5136mm,26.8268mm,25.5136mm,27.0543mm,24.5636mm,25.9168mm,T,90,AP2112K_3V3
U3,QFP50P900X900X160_48N,7.55mm,23.55mm,7.55mm,23.55mm,10.3mm,19.3875mm,B,90,STM32F072CBT6
Y1,FP_Crystal_3225,8.05mm,16.05mm,8.05mm,16.05mm,9.15mm,15.25mm,B,180,Crystal8MHz
